density,pH
0.9902,3.03
0.9936,3.42
0.992,3.13
0.9926,3.45
0.9924,3.36
0.9926,3.39
0.9927,3.23
0.9922,3.27
0.9914,3.25
0.9926,3.06
0.991,3.25
0.9932,3.3
0.9932,3.19
0.9926,3.08
0.99155,3.25
0.9919,3.22
0.98931,3.2
0.99198,3.24
0.99066,3.23
0.99165,3.24
0.99104,2.99
0.99215,3.3
0.99026,2.8
0.99038,2.93
0.98942,3.11
0.9897,3.09
0.99026,3.5
0.99033,3.25
0.9916,3.37
0.98984,3.01
0.99062,2.92
0.99048,3.21
0.99249,2.95
0.99175,3.47
0.98845,3.29
0.99032,3.1
0.99286,3.25
0.99074,3.24
